Date,Demand,Renewables available,Renewables used,Renewables penetration rate,Average price,Fixed costs,Generation costs,Load shedding,Over generation,Reserve shortfall,Renewables curtailment,On/off,Sum on/off ramps,Sum nominal ramps,Number on/offs
2020-01-02,92516.698921,55699.3,51266.935555,55.41371,9.066751,573603.319396,265222.538914,0.0,0.0,0.0,4432.364445,,170.0,5074.397033,15.0
2020-01-03,91553.700976,59750.9,54970.17929,60.041461,10.363827,751961.116923,196885.578063,0.0,0.0,0.0,4780.72071,,954.625,5012.097859,12.0
2020-01-04,85195.733459,38968.9,36658.714698,43.028815,11.768671,647584.463996,355056.078278,0.0,0.0,0.0,2310.185302,,0.0,5571.366034,12.0
2020-01-05,83734.312207,57708.6,50948.617714,60.845568,10.808738,709603.29,195458.985148,0.0,0.0,0.0,6759.982286,,1182.0,3867.351867,17.0
2020-01-06,92331.857102,71766.6,62403.461281,67.586057,6.564949,477616.86,128537.071032,0.0,0.0,0.0,9363.138719,,232.0,3595.470316,9.0
2020-01-07,93175.83629,78994.1,68777.906126,73.815174,4.83846,349538.0,101289.542543,0.0,0.0,0.0,10216.193874,,140.0,2684.260625,7.0
2020-01-08,94657.457261,72630.8,62014.405966,65.514549,8.098987,586561.456621,180068.018659,0.0,0.0,0.0,10616.394034,,648.048833,4410.418397,32.0
2020-01-09,94060.519372,56069.3,54401.43777,57.836633,10.588003,773997.964795,221915.073872,0.0,0.0,0.0,1667.86223,,1006.0,5493.073519,18.0
2020-01-10,92244.455661,62070.0,56147.933509,60.868627,8.214991,539826.934795,217960.415045,0.0,0.0,0.0,5922.066491,,278.0,4526.268215,9.0
2020-01-11,86069.579788,35779.2,35779.2,41.570088,12.313344,666072.796696,393731.574996,0.0,0.0,0.0,0.0,,170.0,5437.387524,5.0
2020-01-12,84755.023919,60567.2,53078.672283,62.625989,8.251318,528222.56,171118.08371,0.0,0.0,0.0,7488.527717,,488.0,2923.183064,13.0
2020-01-13,94585.844278,49891.8,49891.8,52.747639,9.922607,652376.84,286161.319741,0.0,0.0,0.0,0.0,,138.0,5539.305023,10.0
2020-01-14,97518.968937,61147.8,53687.746437,55.053644,11.244025,823335.623921,273170.12013,0.0,0.0,0.0,7460.053563,,964.850368,6223.991971,11.0
2020-01-15,96173.719335,31975.8,31684.614008,32.945189,16.036407,1076457.274795,465823.669003,0.0,0.0,0.0,291.185992,,570.0,7473.498839,7.0
2020-01-16,94571.424833,42829.4,41380.992064,43.756338,12.136163,753083.646696,394650.579911,0.0,0.0,0.0,1448.407936,,194.0,6476.316457,19.0
2020-01-17,95360.265693,74064.7,64827.617234,67.981792,6.517788,472328.919321,149209.039878,0.0,0.0,0.0,9237.082766,,150.625,3557.750977,4.0
2020-01-18,90405.378419,39365.5,37887.902656,41.908903,13.818476,821601.544795,427663.046302,0.0,0.0,0.0,1477.597344,,772.0,5142.512153,6.0
2020-01-19,88194.348015,29909.6,28976.378546,32.855142,15.212525,860250.679396,481408.064696,0.0,0.0,0.0,933.221454,,402.0,5490.573263,17.0
2020-01-20,93982.898545,40585.4,39071.736105,41.57324,14.11537,912584.366621,414018.993252,0.0,0.0,0.0,1513.663895,,768.625,5987.935325,8.0
2020-01-21,93268.953449,41444.7,39198.426027,42.027303,12.229276,744123.894795,396487.857254,0.0,0.0,0.0,2246.273973,,32.0,4989.441693,12.0
2020-01-22,92133.348086,48364.5,46005.091741,49.93316,10.770382,702371.236696,289940.126582,0.0,0.0,0.0,2359.408259,,280.0,6085.211074,16.0
2020-01-23,93371.383648,68812.8,60158.163539,64.428909,8.569066,618955.516124,181150.012003,0.0,0.0,0.0,8654.636461,,633.029782,5182.120156,16.0
2020-01-24,92478.299678,71308.9,59752.038757,64.611956,7.231445,523783.021221,144968.721753,0.0,0.0,0.0,11556.861243,,220.625,4279.416002,12.0
2020-01-25,87842.412729,73903.2,58032.547353,66.064382,6.091813,384380.9,150738.68693,0.0,0.0,0.0,15870.652647,,24.0,2910.222057,11.0
2020-01-26,85498.434815,67986.2,60516.71293,70.781077,7.038574,514549.156124,87237.902166,0.0,0.0,0.0,7469.48707,,729.29914,3667.376587,17.0
2020-01-27,92788.108305,80834.7,68704.11861,74.044099,5.849235,444765.889321,97973.518995,0.0,0.0,0.0,12130.58139,,388.625,3280.384143,13.0
2020-01-28,90381.329912,67395.6,62736.427702,69.413039,7.56601,562626.714795,121199.306833,0.0,0.0,0.0,4659.172298,,774.0,4640.566301,10.0
2020-01-29,91494.663614,81720.0,68383.345683,74.740256,5.109638,362803.384795,104701.213596,0.0,0.0,0.0,13336.654317,,218.0,2097.068379,17.0
2020-01-30,91811.113722,70329.8,62235.425077,67.786374,7.744157,564531.436696,146468.275201,0.0,0.0,0.0,8094.374923,,674.0,4331.77135,32.0
2020-01-31,90679.657624,45653.8,44650.989159,49.240359,11.728086,802089.089321,261409.758092,0.0,0.0,0.0,1002.810841,,480.625,5987.091872,21.0
2020-02-01,83651.648528,73661.9,60833.957386,72.722963,5.747465,380816.212096,99968.737835,0.0,0.0,0.0,12827.942614,,354.0,2619.285311,14.0
2020-02-02,81339.434907,51452.3,45628.988093,56.097007,11.409726,687584.04,240476.602281,0.0,0.0,0.0,5823.311907,,1034.0,3008.454607,11.0
2020-02-03,90249.594427,37517.2,36670.016517,40.63178,14.572315,949724.63,365420.89962,0.0,0.0,0.0,847.183483,,828.0,5809.163055,10.0
2020-02-04,91052.363245,26600.7,25729.618649,28.258046,16.148782,1026866.56,443518.183703,0.0,0.0,0.0,871.081351,,52.0,6017.001523,7.0
2020-02-05,91249.401148,40095.8,37894.822152,41.528845,13.78044,855584.881523,401871.972554,0.0,0.0,0.0,2200.977848,,770.048833,5322.050083,11.0
2020-02-06,90653.364613,36533.6,35913.861683,39.616689,14.072413,859148.201221,416563.345507,0.0,0.0,0.0,619.738317,,630.048833,5565.103874,14.0
2020-02-07,89021.855989,56665.1,51035.770404,57.329484,8.593461,539322.24,225683.64024,0.0,0.0,0.0,5629.329596,,194.0,3731.128297,12.0
2020-02-08,83573.799049,30553.2,29856.568382,35.724795,14.614466,784898.06,436488.350462,0.0,0.0,0.0,696.631618,,548.0,3753.594739,6.0
2020-02-09,82287.799412,26874.7,25608.285164,31.120391,15.624167,826196.784223,459481.528047,0.0,0.0,0.0,1266.414836,,388.625,4203.118982,8.0
2020-02-10,90322.881609,45982.0,44489.368077,49.255922,10.352702,624543.376696,310542.53954,0.0,0.0,0.0,1492.631923,,70.0,4982.874115,22.0
2020-02-11,89380.403298,39805.6,39702.280738,44.419447,13.395856,783482.902021,413844.071424,0.0,0.0,0.0,103.319262,,877.559307,4912.7458,13.0
2020-02-12,88955.277179,35056.6,34436.413888,38.712053,14.256334,864582.03,403594.133853,0.0,0.0,0.0,620.186112,,696.0,5267.717691,11.0
2020-02-13,91683.760093,44425.1,42776.542081,46.656618,11.292453,710228.996124,325105.544155,0.0,0.0,0.0,1648.557919,,110.512007,4918.282146,16.0
2020-02-14,91497.088857,55458.7,55307.179247,60.446928,8.507316,532781.833921,245612.782707,0.0,0.0,0.0,151.520753,,336.625,3503.664491,9.0
2020-02-15,86162.021008,37298.6,36108.660564,41.907862,12.962203,727134.436621,389715.194461,0.0,0.0,0.0,1189.939436,,396.625,3597.234527,4.0
2020-02-16,84116.299245,27818.7,27273.743494,32.423851,15.126736,837315.779396,435089.291179,0.0,0.0,0.0,544.956506,,380.0,5025.939835,14.0
2020-02-17,90283.88005,43755.7,41332.29989,45.780376,11.766937,718786.92,343577.796797,0.0,0.0,0.0,2423.40011,,340.0,3857.706806,6.0
2020-02-18,93810.980115,69553.6,59032.827657,62.927418,7.261766,494816.114223,186417.316569,0.0,0.0,0.0,10520.772343,,92.85929,4386.123,11.0
2020-02-19,92850.471096,76496.4,65537.348697,70.583755,6.125656,432738.564795,136031.442852,0.0,0.0,0.0,10959.051303,,294.0,3523.213251,3.0
2020-02-20,91722.247248,74505.8,62976.826571,68.660362,6.856548,464293.924795,164604.087713,0.0,0.0,0.0,11528.973429,,462.0,3212.037272,10.0
2020-02-21,89633.827756,34794.6,34794.6,38.818603,14.790111,922374.612096,403319.605791,0.0,0.0,0.0,0.0,,696.0,6349.152746,25.0
2020-02-22,83439.932675,28172.2,27318.987984,32.740904,14.799369,805705.819321,429152.549982,0.0,0.0,0.0,853.212016,,244.048833,4509.449852,5.0
2020-02-23,81033.296963,39438.3,37158.935138,45.856378,11.25858,622617.606696,289702.277422,0.0,0.0,0.0,2279.364862,,248.0,6100.293907,21.0
2020-02-24,89491.992822,58907.1,54817.396089,61.253967,9.10575,644616.71,170274.988874,0.0,0.0,0.0,4089.703911,,750.0,4088.172711,12.0
2020-02-25,88255.554228,60696.3,56491.661402,64.009185,6.782714,440797.31,157814.88882,0.0,0.0,0.0,4204.638598,,46.0,4163.57315,16.0
2020-02-26,88051.953284,49676.2,49306.597731,55.997165,11.422472,763437.511221,242333.447171,0.075018,0.0,0.0,369.602269,,952.636061,5772.658606,17.0
2020-02-27,88671.50229,50763.9,44868.118117,50.600381,13.061889,828127.53,330089.813232,0.0,0.0,0.0,5895.781883,,1306.0,4877.486188,17.0
2020-02-28,89562.198521,25516.3,25516.3,28.490033,16.385278,1032214.73,435286.783789,0.0,0.0,0.0,0.0,,170.0,5273.131793,5.0
2020-02-29,83199.450973,35647.4,34576.16483,41.558165,13.532598,776986.52,348918.184302,0.0,0.0,0.0,1071.23517,,734.0,4726.655923,20.0
2020-03-01,80262.835613,42012.5,38918.150107,48.488382,10.859548,634575.84,237042.296291,0.0,0.0,0.0,3094.349893,,232.0,6079.418253,6.0
2020-03-02,89025.185081,61339.3,56587.223256,63.563163,8.830348,626773.22,159350.164309,0.0,0.0,0.0,4752.076743,,804.0,4020.198767,11.0
2020-03-03,87458.444784,62360.9,57645.830613,65.912252,6.180272,406862.0,133654.977021,0.0,0.0,0.0,4715.069387,,0.0,3738.778202,8.0
2020-03-04,87265.38015,49444.0,49081.701301,56.244184,11.538619,770082.858522,236839.116829,0.0,0.0,0.0,362.298699,,984.625,5512.128622,15.0
2020-03-05,87926.946974,52268.3,45560.100326,51.815856,12.705004,805710.609321,311401.606817,0.0,0.0,0.0,6708.199674,,1186.625,4604.002559,23.0
2020-03-06,88958.946328,26855.7,26684.370558,29.996275,15.998342,1023249.654795,399945.961635,0.0,0.0,0.0,171.329442,,140.0,5608.89887,3.0
2020-03-07,82252.990448,35350.4,34136.448916,41.501772,13.540243,753847.819396,359877.655178,0.0,0.0,0.0,1213.951084,,728.0,4830.687984,22.0
2020-03-08,80671.708277,56904.2,48785.570245,60.4742,8.366442,512744.92,162190.241583,0.0,0.0,0.0,8118.629755,,432.0,3426.830465,21.0
2020-03-09,89044.982445,47513.7,47355.227031,53.181241,10.566533,677818.47,263078.255388,0.0,0.0,0.0,158.472969,,456.0,5405.992135,12.0
2020-03-10,88249.723984,59460.1,57937.146599,65.651363,7.602746,527249.98,143690.263389,0.011353,0.0,0.0,1522.953401,,610.0,4307.737966,24.0
2020-03-11,88954.864785,74356.9,65257.38974,73.360113,5.972316,454062.538824,77203.991132,0.0,0.0,0.0,9099.51026,,538.625,3240.846109,24.0
2020-03-12,89757.687451,77089.7,66986.95869,74.630887,6.495376,465388.916621,117620.980925,0.0,0.0,0.0,10102.74131,,596.625,2357.274986,12.0
2020-03-13,90564.89453,29782.9,29782.9,32.885701,15.90749,910143.734795,530516.398677,0.0,0.0,0.0,0.0,,788.0,4489.851981,10.0
2020-03-14,90281.169439,25520.8,25411.881825,28.147489,16.288125,1066481.024795,404029.947672,0.0,0.0,0.0,108.918175,,78.0,4718.073996,13.0
2020-03-15,86007.830208,34560.4,31805.564784,36.979848,14.954293,811540.934795,474645.380465,0.0,0.0,0.0,2754.835216,,758.0,4442.990632,14.0
2020-03-16,92253.082484,34030.8,32430.39374,35.153724,14.942402,931900.582096,446582.031111,0.0,0.0,0.0,1600.40626,,430.0,6283.234886,17.0
2020-03-17,90967.061637,43079.3,42378.617302,46.586772,12.490203,768761.65,367435.389003,0.044946,0.0,0.0,700.682698,,772.0,5094.016388,11.0
2020-03-18,88267.224202,46851.2,43009.064495,48.725974,11.975044,759704.94,297298.982343,0.0,0.0,0.0,3842.135505,,748.0,6042.852708,17.0
2020-03-19,88199.037828,52386.1,49949.704563,56.632936,9.545529,603214.601523,238691.84324,0.0,0.0,0.0,2436.395437,,428.625,3965.463544,10.0
2020-03-20,87840.854771,26789.2,26789.2,30.497426,15.845496,875178.993921,516702.932276,0.0,0.0,0.0,0.0,,476.048833,4764.166384,5.0
2020-03-21,81814.038347,37517.1,34398.128879,42.044287,12.95695,725894.402096,334166.014298,0.0,0.0,0.0,3118.971121,,518.0,4935.343745,10.0
2020-03-22,82151.222752,29715.3,29572.352403,35.997459,14.570386,779153.389321,417821.607162,0.0,0.0,0.0,142.947597,,476.048833,4728.985017,7.0
2020-03-23,89636.045606,31464.0,31370.156424,34.997256,14.564215,909026.073921,396452.604673,0.0,0.0,0.0,93.843576,,244.048833,4680.194828,4.0
2020-03-24,90525.859807,40566.5,39879.885997,44.053584,12.084181,756442.542096,337488.375665,0.0,0.0,0.0,686.614003,,192.0,5164.958003,7.0
2020-03-25,89423.215616,49066.4,47105.651479,52.677206,11.160488,755559.751221,242446.983069,0.0,0.0,0.0,1960.748521,,666.625,6118.463777,18.0
2020-03-26,87818.031358,61930.6,57270.857109,65.215373,7.1547,512432.03,115879.623125,0.0,0.0,0.0,4659.742891,,348.0,3320.429628,15.0
2020-03-27,86430.038484,65493.8,56897.111156,65.830251,9.611825,672373.51,158376.922347,0.0,0.0,0.0,8596.688844,,1188.0,3606.587829,14.0
2020-03-28,80477.693678,31990.3,31627.568774,39.299795,12.942097,729661.06,311889.033854,0.0,0.0,0.0,362.731226,,38.0,5123.662412,8.0
2020-03-29,78422.855681,64729.1,50464.459783,64.349174,10.484862,630546.78,191706.053707,0.0,0.0,0.0,14264.640217,,1144.0,2560.635294,22.0
2020-03-30,86944.365876,39094.8,38610.028209,44.40774,12.1858,781733.778824,277752.917823,0.0,0.0,0.0,484.771791,,242.625,5654.733613,18.0
2020-03-31,89042.031841,35610.5,35533.817581,39.906791,14.653343,866475.303921,438288.128358,0.0,0.0,0.0,76.682419,,832.048833,4839.537189,18.0
2020-04-01,89887.152652,36595.5,36595.5,40.712715,12.167314,658773.18,434912.032487,0.0,0.0,0.0,0.0,,0.0,4591.197111,6.0
2020-04-02,89387.247854,50610.1,49695.553764,55.595798,10.981584,736262.58,245350.951089,0.0,0.0,0.0,914.546236,,896.0,4735.152152,8.0
2020-04-03,88586.212178,35403.2,35149.516364,39.678315,13.670222,828379.64,382613.502336,0.0,0.0,0.0,253.683636,,564.0,5896.099499,16.0
2020-04-04,81552.100141,47887.5,39852.727821,48.867813,10.439013,581270.93,270052.538182,0.0,0.0,0.0,8034.772179,,232.0,4487.485992,17.0
2020-04-05,79933.801791,47482.3,41477.714227,51.890081,10.729105,632209.33,225408.787862,0.0,0.0,0.0,6004.585773,,570.0,4066.778607,14.0
2020-04-06,90798.038624,39221.5,39199.347121,43.17202,12.878092,760405.66,408899.879274,0.0,0.0,0.0,22.152879,,232.0,6440.280952,9.0
2020-04-07,92943.631275,29866.3,29866.3,32.133778,16.206667,961655.27,544651.173039,0.0,0.0,0.0,0.0,,756.0,4812.845091,12.0
2020-04-08,89777.903421,40758.4,40758.4,45.399144,11.316273,650540.48,365410.809532,0.0,0.0,0.0,0.0,,140.0,4966.546767,14.0
2020-04-09,88896.618788,77241.2,64401.255073,72.445112,8.418441,594835.86,153535.121162,0.0,0.0,0.0,12839.944927,,1204.0,2234.010372,19.0
2020-04-10,90180.747728,38853.4,37851.504827,41.972933,13.509558,862107.16,356194.912901,0.0,0.0,0.0,1001.895173,,550.0,4688.943732,17.0
2020-04-11,83051.932011,65399.7,50454.577928,60.750637,8.333908,509206.76,182940.394608,0.0,0.0,0.0,14945.122072,,372.0,3429.627345,21.0
2020-04-12,81850.147658,53814.8,46172.783346,56.411362,11.130772,678908.19,232147.14193,0.0,0.0,0.0,7642.016654,,966.0,3958.035061,12.0
2020-04-13,89815.63051,36983.3,36812.696085,40.986959,13.155108,872493.3,309041.01587,0.0,0.0,0.0,170.603915,,230.0,3852.388664,5.0
2020-04-14,89773.07491,32896.0,32896.0,36.643504,13.788023,870076.18,367717.052813,0.0,0.0,0.0,0.0,,170.0,4542.982802,3.0
2020-04-15,92471.093739,59273.0,55365.449183,59.87325,8.969498,642598.23,186821.075069,0.0,0.0,0.0,3907.550817,,570.0,3988.848459,16.0
2020-04-16,99001.569074,67542.4,62423.938932,63.053484,9.708299,745802.96,215333.917529,0.0,0.0,0.0,5118.461068,,1174.0,4174.929025,12.0
2020-04-17,91913.467503,63191.5,61329.651349,66.725424,6.449345,428857.08,163924.618063,0.0,0.0,0.0,1861.848651,,192.0,2923.325585,11.0
2020-04-18,83090.887662,53416.8,53028.964043,63.820433,7.517918,500142.79,124527.700334,0.0,0.0,0.0,387.835957,,310.0,4054.543719,26.0
2020-04-19,80607.210502,56490.0,52497.669568,65.127759,10.22597,627038.76,197248.144865,0.0,0.0,0.0,3992.330432,,1222.0,2100.590745,15.0
2020-04-20,88612.578555,60397.3,54037.278495,60.981499,9.131544,598572.77,210596.851495,0.0,0.0,0.0,6360.021505,,664.0,3316.062771,13.0
2020-04-21,90990.592026,41026.2,40490.415973,44.499563,12.911848,826471.47,348385.18784,0.0,0.0,0.0,535.784027,,578.0,4507.390111,10.0
2020-04-22,92402.322196,44552.9,43991.103679,47.608223,12.168556,801983.69,322419.144762,0.0,0.0,0.0,561.796321,,704.0,4480.570695,13.0
2020-04-23,96217.068029,44234.0,43789.526985,45.511184,12.590814,854910.401523,356540.773746,0.0,0.0,0.0,444.473015,,592.048833,5171.685827,15.0
2020-04-24,94899.403053,57708.4,57348.966024,60.431324,9.205573,645143.448522,228459.937678,0.0,0.0,0.0,359.433976,,722.625,4457.883115,11.0
2020-04-25,87203.236756,49640.0,49230.377487,56.454759,9.810927,596022.196621,259522.374529,0.0,0.0,0.0,409.622513,,523.039456,3604.953777,12.0
2020-04-26,81788.388868,69278.2,57915.392696,70.811265,5.812156,372462.668824,102904.23975,0.0,0.0,0.0,11362.807304,,214.625,2761.514471,31.0
2020-04-27,91201.120355,57392.2,55054.723691,60.36628,11.046782,743095.32,264383.56941,0.0,0.0,0.0,2337.476309,,1326.0,3266.850006,13.0
2020-04-28,94291.199946,43064.4,42113.703024,44.66345,13.392207,898339.28,364427.968542,0.0,0.0,0.0,950.696976,,756.0,4237.91375,15.0
2020-04-29,95006.140215,39156.7,39072.918981,41.12673,13.064199,943360.51,297818.569962,0.0,0.0,0.0,83.781019,,140.0,5094.169846,6.0
2020-04-30,93251.327269,37680.9,37680.9,40.407897,13.688857,776158.95,500345.171144,0.0,0.0,0.0,0.0,,742.0,4767.60017,5.0
2020-05-01,88599.94854,33868.6,33098.394578,37.357126,13.81093,788359.48,435288.220982,0.0,0.0,0.0,770.205422,,356.0,3677.863768,9.0
2020-05-02,87101.601683,40185.4,38007.745832,43.636104,12.317319,719982.09,352876.131775,0.0,0.0,0.0,2177.654168,,386.0,4567.53536,13.0
2020-05-03,88681.093874,54515.5,50020.712054,56.405159,11.385278,767039.7,242619.179544,0.0,0.0,0.0,4494.787946,,1096.0,4495.939177,20.0
2020-05-04,100009.596028,60915.3,59016.354202,59.010692,8.350364,587373.16,247743.399651,0.0,0.0,0.0,1898.945798,,170.0,3603.992695,6.0
2020-05-05,102492.847929,49338.4,49237.891636,48.04032,12.60509,894757.194223,397174.331282,0.0,0.0,0.0,100.508364,,819.006895,4431.107442,7.0
2020-05-06,99423.843584,45203.7,45146.62665,45.408249,11.834969,736606.169396,440071.967018,0.0,0.0,0.0,57.07335,,214.0,4571.510947,12.0
2020-05-07,96684.52664,50869.4,50501.945797,52.233742,10.908503,722173.35,332510.053239,0.0,0.0,0.0,367.454203,,710.0,4097.025307,6.0
2020-05-08,93751.114979,38132.4,38030.584086,40.565474,12.993591,800446.56,417717.065639,0.0,0.0,0.0,101.815914,,240.0,4418.443396,8.0
2020-05-09,90258.875101,63963.1,59004.443553,65.372456,7.645085,541895.33,148141.479521,0.0,0.0,0.0,4958.656447,,570.0,3119.623068,14.0
2020-05-10,91101.978453,83915.9,69727.874425,76.538266,5.076036,392392.52,70044.434003,0.0,0.0,0.0,14188.025575,,464.0,2567.572809,14.0
2020-05-11,102980.409749,57861.5,57685.97042,56.016451,11.426495,873786.62,302918.512846,0.0,0.0,0.0,175.52958,,886.0,5021.025198,16.0
2020-05-12,102503.080107,44111.9,44071.277173,42.995076,13.9532,1014258.07,415987.885324,0.0,0.0,0.0,40.622827,,760.0,4072.642509,17.0
2020-05-13,103030.41415,37282.8,36358.30339,35.288903,14.841347,1031802.146923,497307.96943,0.0,0.0,0.0,924.49661,,268.048833,4439.945633,11.0
2020-05-14,105387.080919,48357.1,47315.10323,44.896493,12.148051,817770.632096,462476.950051,0.048591,0.0,0.0,1041.99677,,256.0,4110.723744,20.0
2020-05-15,107843.74548,54784.3,54414.046926,50.456377,11.810381,857620.2,416055.505906,0.0,0.0,0.0,370.253074,,896.0,4593.969473,13.0
2020-05-16,105615.262919,36334.8,36258.753192,34.330978,15.312397,1047788.33,569434.452981,0.0,0.0,0.0,76.046808,,510.0,4613.888625,4.0
2020-05-17,103134.032121,34773.9,33695.186444,32.671259,15.917049,1090935.95,550653.500086,0.0,0.0,0.0,1078.713556,,540.0,5297.163478,7.0
2020-05-18,112139.863044,37692.0,37604.924292,33.533949,15.240775,1151692.35,557406.060601,0.0,0.0,0.0,87.075708,,170.0,4617.114518,4.0
2020-05-19,111523.006384,38372.8,37987.453849,34.062437,15.293083,1182126.85,523403.78079,0.0,0.0,0.0,385.346151,,200.0,4927.946021,2.0
2020-05-20,118255.797965,33800.7,33800.7,28.5827,16.87309,1326061.122323,669279.547503,0.0,0.0,0.0,0.0,,244.048833,5006.749093,4.0
2020-05-21,118909.418002,48597.4,48597.4,40.869261,13.10188,1009654.524795,548282.379384,0.0,0.0,0.0,0.0,,0.0,5219.964452,2.0
2020-05-22,119194.690584,52350.2,52116.386139,43.723748,13.428084,1045140.214795,555416.050368,0.0,0.0,0.0,233.813861,,710.0,5878.041773,9.0
2020-05-23,110064.36595,49683.0,48795.853992,44.333925,13.297991,946395.574795,517239.343444,0.0,0.0,0.0,887.146008,,882.0,5199.522192,19.0
2020-05-24,104212.879083,34894.5,34544.045048,33.147578,14.859452,1019670.024795,528876.223961,0.0,0.0,0.0,350.454952,,0.0,4253.232818,1.0
2020-05-25,96987.212858,43099.5,42987.491687,44.322845,11.504323,689635.964795,426136.287201,0.0,0.0,0.0,112.008313,,0.0,5313.007447,4.0
2020-05-26,100985.926881,47428.7,46981.568591,46.522887,12.443688,898367.332096,358270.073525,0.0,0.0,0.0,447.131409,,680.0,5229.082822,5.0
2020-05-27,113205.844164,47536.9,47181.000423,41.677177,13.269963,1001274.86,500962.503624,0.0,0.0,0.0,355.899577,,340.0,4564.035093,5.0
2020-05-28,118679.595808,50491.7,50206.69934,42.304407,13.716804,1171527.82,456376.942399,0.0,0.0,0.0,285.00066,,518.0,4927.828651,7.0
2020-05-29,112462.363339,58478.5,56453.026937,50.197262,11.816307,872915.92,455973.841678,0.0,0.0,0.0,2025.473063,,850.0,4928.493892,10.0
2020-05-30,92805.013196,56756.0,53349.205892,57.485263,8.764805,567341.04,246076.797346,0.0,0.0,0.0,3406.794108,,230.0,3730.071119,16.0
2020-05-31,86892.622149,75378.3,66045.626127,76.008324,6.115143,438555.2,92805.642348,0.0,0.0,0.0,9332.673873,,782.0,2236.987456,20.0
2020-06-01,87122.331839,55653.7,50970.486817,58.504503,11.466811,758953.48,240061.850257,0.0,0.0,0.0,4683.213183,,1218.0,3063.780013,17.0
2020-06-02,100104.081778,37148.3,36897.287332,36.858924,14.62898,1024865.11,439555.478262,0.0,0.0,0.0,251.012668,,326.0,4577.346319,9.0
2020-06-03,108454.261653,51744.9,50710.554133,46.757549,13.031247,953735.95,459558.357763,0.0,0.0,0.0,1034.345867,,1042.0,5442.377503,14.0
2020-06-04,114121.523647,50806.9,50719.347349,44.443279,13.270136,1098005.74,416402.442848,0.0,0.0,0.0,87.552651,,680.0,5433.217057,10.0
2020-06-05,120300.732655,47518.4,47518.4,39.499676,14.600543,1070423.86,686032.174315,0.0,0.0,0.0,0.0,,896.0,5344.864106,13.0
2020-06-06,121989.085005,45856.3,45164.277829,37.023212,15.708461,1271865.605023,644395.23282,0.0,0.0,0.0,692.022171,,924.048833,5964.67161,7.0
2020-06-07,121638.35189,64157.0,62254.255922,51.179792,11.641213,936066.632096,479951.329139,0.0,0.0,0.0,1902.744078,,850.0,5926.964056,14.0
2020-06-08,127059.890203,44934.7,44934.7,35.364976,15.80828,1346189.633921,662408.736124,0.0,0.0,0.0,0.0,,560.625,5142.274927,10.0
2020-06-09,123106.173015,34567.9,34567.9,28.079745,16.798469,1359782.454795,708212.820544,0.0,0.0,0.0,0.0,,0.0,4989.520582,1.0
2020-06-10,116816.257948,40492.9,40492.9,34.663754,14.616736,1113044.872096,594427.574718,0.0,0.0,0.0,0.0,,24.0,4699.158234,11.0
2020-06-11,117289.491616,52273.0,51581.331427,43.977794,12.950064,1005272.93,513633.443025,0.0,0.0,0.0,691.668573,,426.0,5407.376397,21.0
2020-06-12,115249.779798,44173.4,44173.4,38.328403,14.417187,1134028.166923,527549.505131,0.0,0.0,0.0,0.0,,414.048833,5457.024897,6.0
2020-06-13,105578.636251,45431.6,43877.481989,41.559054,13.836698,937901.314795,522958.388656,0.0,0.0,0.0,1554.118011,,726.0,4382.651471,11.0
2020-06-14,102008.083784,35362.2,34958.000613,34.269834,15.126593,1036031.764795,507002.990837,0.0,0.0,0.0,404.199387,,340.0,4585.848535,5.0
2020-06-15,110142.162569,39612.8,39612.8,35.965155,14.537262,1078196.212096,522969.240079,0.0,0.0,0.0,0.0,,186.0,5463.455747,9.0
2020-06-16,113599.700498,44237.2,44237.2,38.9413,14.119638,995959.273921,608027.408805,0.0,0.0,0.0,0.0,,536.625,5255.19685,4.0
2020-06-17,112015.168282,78891.2,73366.290117,65.496746,7.173568,566517.772096,237030.64771,0.0,0.0,0.0,5524.909883,,230.0,3663.901679,16.0
2020-06-18,111395.99247,74595.5,71504.529295,64.189499,8.729102,724471.28,247915.682896,0.0,0.0,0.0,3090.970705,,850.0,3400.999158,15.0
2020-06-19,118450.816969,65962.5,65041.925159,54.910491,9.651472,795967.42,347257.373295,0.0,0.0,0.0,920.574841,,32.0,3778.718197,10.0
2020-06-20,117994.828678,48645.4,48635.157637,41.218042,15.015223,1171294.8,600423.861958,0.0,0.0,0.0,10.242363,,1250.0,5097.951822,9.0
2020-06-21,117784.818341,39606.6,39232.988998,33.309037,16.00047,1277623.47,606989.028631,0.0,0.0,0.0,373.611002,,526.0,6150.615109,14.0
2020-06-22,127908.422054,58683.9,58197.448826,45.499309,12.953245,1158347.76,498481.318513,0.0,0.0,0.0,486.451174,,510.0,4974.611438,7.0
2020-06-23,124192.120367,48447.9,48447.9,39.010446,14.895128,1205930.82,643926.738997,0.0,0.0,0.0,0.0,,850.0,5397.265836,7.0
2020-06-24,123498.87115,43698.2,43535.752785,35.251944,15.942271,1355367.84,613484.681254,0.0,0.0,0.0,162.447215,,680.0,5735.5158,7.0
2020-06-25,126709.306879,39417.4,39417.4,31.108528,16.633766,1450775.06,656877.923637,0.0,0.0,0.0,0.0,,340.0,5356.163316,5.0
2020-06-26,128410.738705,38068.3,38068.3,29.645729,17.085421,1408889.332323,785062.182958,0.0,0.0,0.0,0.0,,474.048833,5394.35766,5.0
2020-06-27,123781.444371,32671.9,32670.409303,26.393624,17.35065,1392788.364795,754900.187507,0.0,0.0,0.0,1.490697,,44.0,5354.362899,5.0
2020-06-28,125412.08644,36653.7,35716.914286,28.479643,17.035903,1443791.544795,692716.634613,0.0,0.0,0.0,936.785714,,170.0,5346.827726,1.0
2020-06-29,131352.637341,36863.3,36863.3,28.064378,17.243095,1563300.804795,701625.185982,0.0,0.0,0.0,0.0,,170.0,5599.064729,1.0
2020-06-30,128698.581859,37984.1,37984.1,29.514,16.43569,1374217.674795,741032.341439,0.0,0.0,0.0,0.0,,30.0,5168.392834,9.0
2020-07-01,130232.106296,43417.0,42927.522044,32.962319,16.403526,1343369.074795,792896.716237,0.0,0.0,0.0,489.477956,,680.0,5991.580711,4.0
2020-07-02,132884.601019,43095.2,42052.25543,31.645695,16.955224,1448363.824795,804724.302202,0.0,0.0,0.0,1042.94457,,702.0,6118.908019,11.0
2020-07-03,134643.384225,34731.0,34731.0,25.794806,17.915473,1524218.044795,887981.930792,0.0,0.0,0.0,0.0,,340.0,5264.355863,2.0
2020-07-04,131203.034474,36686.2,36601.605562,27.89692,17.272146,1524784.024795,741373.962658,0.0,0.0,0.0,84.594438,,44.0,5671.582218,5.0
2020-07-05,125803.914502,34990.7,34935.599248,27.769883,17.013807,1488421.944795,651981.629598,0.0,0.0,0.0,55.100752,,0.0,5647.831725,2.0
2020-07-06,126896.185342,38117.9,38117.9,30.038649,16.393465,1319510.374795,760757.823128,0.0,0.0,0.0,0.0,,170.0,4671.771915,1.0
2020-07-07,117027.999854,40205.0,40205.0,34.355026,14.643854,1107870.368099,605870.59779,0.0,0.0,0.0,0.0,,0.0,4810.194264,5.0
2020-07-08,119671.950067,51195.2,51195.2,42.779615,13.207818,1052625.834223,527979.561304,0.0,0.0,0.0,0.0,,454.048833,5631.88906,16.0
2020-07-09,123783.24424,53234.2,53234.2,43.005982,13.012876,965083.234795,645692.771145,0.0,0.0,0.0,0.0,,406.0,5018.555825,9.0
2020-07-10,123753.701002,44515.9,44515.9,35.971369,15.442288,1185026.864795,726013.436688,0.0,0.0,0.0,0.0,,680.0,4944.241486,4.0
2020-07-11,121931.377234,33343.7,33058.755302,27.112591,17.247481,1401991.354795,701017.782734,0.0,0.0,0.0,284.944698,,66.0,5397.782478,6.0
2020-07-12,121432.400456,37038.4,37013.13533,30.480444,16.054019,1262530.564795,686947.507174,0.0,0.0,0.0,25.26467,,22.0,5541.485446,4.0
2020-07-13,129342.718932,58289.3,57503.235531,44.458038,12.9936,1132538.464795,548089.093722,0.0,0.0,0.0,786.064469,,340.0,5104.411238,6.0
2020-07-14,132072.606175,50368.8,50368.8,38.137205,14.713261,1209623.104795,733595.581437,0.0,0.0,0.0,0.0,,540.0,5287.736253,13.0
2020-07-15,133099.311531,66724.2,66724.2,50.131138,11.797534,983580.752096,586662.941174,0.0,0.0,0.0,0.0,,764.0,5582.004891,19.0
2020-07-16,138050.294627,56290.9,56290.9,40.775646,15.212518,1347030.623921,753061.987816,0.0,0.0,0.0,0.0,,1238.625,5762.180575,13.0
2020-07-17,141949.272627,48715.8,48715.8,34.319161,16.274013,1444584.234795,865500.105211,0.0,0.0,0.0,0.0,,688.0,6360.447579,7.0
2020-07-18,139026.21703,43602.9,43508.274917,31.295015,16.242214,1483544.374795,774549.149221,0.0,0.0,0.0,94.625083,,0.0,6226.823402,4.0
2020-07-19,133941.203918,40634.8,40614.962722,30.322979,17.199502,1447048.534795,856673.412735,0.0,0.0,0.0,19.837278,,688.0,6176.71287,6.0
2020-07-20,142806.480423,46397.4,46397.4,32.489702,15.983004,1474561.334795,807915.206307,0.0,0.0,0.0,0.0,,8.0,6505.376296,7.0
2020-07-21,142022.285394,46577.2,46577.2,32.795698,16.942704,1463268.214795,942973.389215,0.0,0.0,0.0,0.0,,938.0,5459.59661,13.0
2020-07-22,138563.338835,36913.3,36913.3,26.640019,17.477986,1609284.644795,812523.490324,0.0,0.0,0.0,0.0,,0.0,5050.759768,3.0
2020-07-23,136987.433049,36188.7,36188.7,26.417533,17.967176,1494488.544795,966788.715962,0.0,0.0,0.0,0.0,,510.0,5300.066491,3.0
2020-07-24,145185.665562,34825.4,34825.4,23.986803,18.70734,1717489.284795,998548.261522,0.0,0.0,0.0,0.0,,202.0,5274.546126,10.0
2020-07-25,143475.601791,33375.0,33375.0,23.261795,18.791749,1713959.794795,982197.681018,0.0,0.0,0.0,0.0,,178.0,5697.057282,4.0
2020-07-26,143604.072734,34754.6,34754.6,24.201681,18.791279,1736455.164795,962048.977212,0.0,0.0,0.0,0.0,,238.0,6892.801738,12.0
2020-07-27,152122.453037,43094.2,43094.2,28.328625,17.658862,1715925.464795,970383.967652,0.0,0.0,0.0,0.0,,214.0,5964.398289,9.0
2020-07-28,147651.025783,51766.3,51720.605168,35.028951,16.060955,1503728.434795,867688.033568,0.0,0.0,0.0,45.694832,,578.0,7205.431163,17.0
2020-07-29,141487.362496,40988.5,40988.5,28.969725,17.923429,1546137.454795,989801.233778,0.0,0.0,0.0,0.0,,896.0,5463.006858,13.0
2020-07-30,140380.890057,36445.8,36445.8,25.962081,17.66819,1609284.644795,870991.535108,0.0,0.0,0.0,0.0,,0.0,5187.011586,4.0
2020-07-31,137833.571775,52901.8,52711.615806,38.242944,14.721461,1351760.364795,677351.243576,0.0,0.0,0.0,190.184194,,268.0,5652.950926,16.0
2020-08-01,132608.904691,40299.1,40299.1,30.389437,16.543241,1393797.104795,799984.002165,0.0,0.0,0.0,0.0,,340.0,4342.505502,2.0
2020-08-02,126818.524458,49268.3,48704.971849,38.40525,14.772063,1226381.094795,646990.076159,0.0,0.0,0.0,563.328151,,556.0,6238.088056,15.0
2020-08-03,133561.688771,31649.5,31649.5,23.696541,18.158968,1457722.184795,967620.25237,0.0,0.0,0.0,0.0,,192.0,3869.661247,3.0
2020-08-04,130780.071416,40144.2,40144.2,30.695961,16.011853,1359854.744795,734176.508275,0.0,0.0,0.0,0.0,,0.0,5009.747644,4.0
2020-08-05,132909.83898,38445.7,38445.7,28.92615,17.636288,1409783.174795,934253.01955,0.0,0.0,0.0,0.0,,872.0,4910.950456,8.0
2020-08-06,130989.354711,33794.3,33794.3,25.799272,17.541971,1503110.844795,794700.601783,0.0,0.0,0.0,0.0,,32.0,5377.151311,8.0
2020-08-07,123210.419233,35235.4,35235.4,28.597744,16.498797,1364627.244795,668196.508616,0.0,0.0,0.0,0.0,,0.0,4676.154363,3.0
2020-08-08,120312.123733,33873.1,33873.1,28.154353,17.031423,1289306.334795,759780.300734,0.0,0.0,0.0,0.0,,378.0,4616.946843,8.0
2020-08-09,121134.1902,31287.7,30992.156486,25.584978,17.739324,1438913.974795,709924.709914,0.0,0.0,0.0,295.543514,,170.0,5322.210479,2.0
2020-08-10,134872.901908,35589.4,35589.4,26.387361,17.768793,1504700.554795,891828.084882,0.0,0.0,0.0,0.0,,378.0,5204.398005,13.0
2020-08-11,139174.005843,57712.1,57439.010453,41.271364,14.283161,1297584.012096,690260.708003,0.0,0.0,0.0,273.089547,,680.0,6749.731838,9.0
2020-08-12,140882.024605,43285.8,43285.8,30.724857,17.778634,1528608.443921,976081.466427,0.0,0.0,0.0,0.0,,1062.625,5280.722694,14.0
2020-08-13,144084.747532,36361.9,36361.9,25.236467,18.521167,1621276.854795,1047340.746191,0.0,0.0,0.0,0.0,,542.0,6068.548972,16.0
2020-08-14,140745.311124,46828.3,46828.3,33.271659,16.898566,1541261.864795,837132.048422,0.0,0.0,0.0,0.0,,872.0,6476.639877,12.0
2020-08-15,126016.060088,35605.9,35605.9,28.255049,17.246487,1343802.664795,829531.614892,0.0,0.0,0.0,0.0,,510.0,5525.123177,4.0
2020-08-16,123586.833979,31462.8,31462.8,25.458052,17.938378,1480051.184795,736896.187976,0.0,0.0,0.0,0.0,,236.0,5828.197259,6.0
2020-08-17,133263.436374,32979.2,32979.2,24.747373,17.869449,1513342.574795,868001.630285,0.0,0.0,0.0,0.0,,30.0,5504.626639,8.0
2020-08-18,128608.872371,41869.7,41869.7,32.555841,16.197748,1329462.044795,753712.056951,0.0,0.0,0.0,0.0,,510.0,5647.012156,7.0
2020-08-19,129576.397302,41712.0,41712.0,32.191048,16.563786,1329012.054795,817263.664299,0.0,0.0,0.0,0.0,,748.0,6035.823591,16.0
2020-08-20,127831.100528,43149.8,42394.507243,33.16447,16.056847,1388919.534795,663644.946894,0.0,0.0,0.0,755.292757,,340.0,5676.590294,4.0
2020-08-21,126316.305918,31409.7,31409.7,24.865911,17.998495,1403589.134795,869914.236422,0.0,0.0,0.0,0.0,,362.0,5132.003641,4.0
2020-08-22,124809.653717,31432.3,31335.262508,25.106441,17.716514,1498469.824795,712722.170787,0.0,0.0,0.0,97.037492,,0.0,5489.196228,0.0
2020-08-23,124451.039054,31522.6,31522.6,25.329318,17.95745,1468798.004795,766025.267716,0.0,0.0,0.0,0.0,,252.0,5754.949461,13.0
2020-08-24,137053.223389,40867.2,40867.2,29.818489,16.885501,1493459.094795,820753.251215,0.0,0.0,0.0,0.0,,340.0,5440.282359,6.0
2020-08-25,138759.715269,62547.2,62203.245681,44.828029,13.358877,1192424.364795,661249.568209,0.0,0.0,0.0,343.954319,,710.0,6237.914059,12.0
2020-08-26,145581.037144,45729.2,45729.2,31.411509,17.047653,1484657.124795,997157.82102,0.0,0.0,0.0,0.0,,746.0,6190.715643,16.0
2020-08-27,134923.32447,46552.3,46552.3,34.502782,16.397781,1363713.054795,848730.081566,0.0,0.0,0.0,0.0,,1020.0,5205.599982,8.0
2020-08-28,128761.784346,36091.7,36091.7,28.029823,17.059238,1443597.814795,752980.094643,0.0,0.0,0.0,0.0,,170.0,5308.655084,2.0
2020-08-29,121390.577111,32886.1,32781.038981,27.004599,17.207527,1401583.004795,687248.672108,0.0,0.0,0.0,105.061019,,44.0,5445.178842,4.0
2020-08-30,120582.608437,31319.2,31284.195949,25.944202,17.716694,1389596.254795,746728.95827,0.0,0.0,0.0,35.004051,,340.0,5813.191595,4.0
2020-08-31,133539.581452,36755.0,36755.0,27.523675,17.730959,1531049.584795,836735.244087,0.0,0.0,0.0,0.0,,414.0,6590.443438,14.0
2020-09-01,132723.626373,69756.0,69117.501153,52.07626,11.182268,998121.574795,486029.531841,0.0,0.0,0.0,638.498847,,550.0,5539.51777,17.0
2020-09-02,136225.18099,53087.6,52748.423158,38.721492,14.920727,1313520.522096,719058.23247,0.0,0.0,0.0,339.176842,,680.0,6675.146583,8.0
2020-09-03,135811.577498,37540.4,37540.4,27.641532,17.995706,1487126.853921,956898.420531,0.0,0.0,0.0,0.0,,750.625,4896.593608,10.0
2020-09-04,135269.964119,40144.9,40144.9,29.677616,16.917718,1549890.214795,738568.946208,0.0,0.0,0.0,0.0,,178.0,6405.402122,6.0
2020-09-05,128010.864043,33177.9,33177.9,25.918035,17.984513,1459410.464795,842802.640325,0.0,0.0,0.0,0.0,,510.0,5714.668712,6.0
2020-09-06,122138.695054,32718.9,32718.9,26.788316,17.486556,1388919.534795,746865.63347,0.0,0.0,0.0,0.0,,340.0,5785.995845,3.0
2020-09-07,125780.175309,33684.5,33355.876289,26.519184,17.813748,1482327.694795,758288.604256,0.0,0.0,0.0,328.623711,,258.0,5762.067923,11.0
2020-09-08,136900.613229,36199.4,36199.4,26.442102,18.330135,1587516.364795,921890.304377,0.0,0.0,0.0,0.0,,680.0,6250.240585,6.0
2020-09-09,135291.978487,34147.5,34147.5,25.239856,17.997423,1539612.904795,895294.067352,0.0,0.0,0.0,0.0,,214.0,5623.215871,10.0
2020-09-10,122310.525187,37818.5,37818.5,30.92007,16.423774,1227298.674795,781501.785552,0.0,0.0,0.0,0.0,,534.0,5878.934174,11.0
2020-09-11,118065.799046,34841.1,34841.1,29.509901,16.293114,1209152.244795,714507.258517,0.0,0.0,0.0,0.0,,214.0,5749.907497,8.0
2020-09-12,108969.267932,53860.7,53405.449559,49.009643,11.208332,789913.262096,431450.456845,0.0,0.0,0.0,455.250441,,348.0,4497.585591,8.0
2020-09-13,106748.415212,36130.6,36130.6,33.846498,15.924957,1098808.27,601155.603751,0.0,0.0,0.0,0.0,,850.0,5070.772741,5.0
2020-09-14,121248.585775,30633.1,30633.1,25.264707,17.896671,1451075.039623,718870.949798,0.0,0.0,0.0,0.0,,274.048833,5389.87313,8.0
2020-09-15,124150.478337,34118.0,34118.0,27.481167,16.976217,1310194.252096,797411.26711,0.0,0.0,0.0,0.0,,170.0,5795.927784,6.0
2020-09-16,122071.167376,51116.1,51116.1,41.874016,13.3015,1038995.89,584733.786511,0.0,0.0,0.0,0.0,,364.0,4900.314077,8.0
2020-09-17,117004.136959,54965.8,54585.492565,46.652618,12.454615,1043466.37,413775.153718,0.0,0.0,0.0,380.307435,,510.0,6164.685473,8.0
2020-09-18,107538.105027,38124.7,38124.7,35.452271,14.411221,1034597.8,515157.567359,0.0,0.0,0.0,0.0,,170.0,4396.54239,3.0
2020-09-19,95210.74307,56557.0,51278.516119,53.85791,10.504281,708189.31,291931.048772,0.0,0.0,0.0,5278.483881,,680.0,4660.513509,9.0
2020-09-20,94539.21591,40844.7,38274.225681,40.485026,14.639914,953762.42,430283.55856,0.0,0.0,0.0,2570.474319,,974.0,4406.76749,10.0
2020-09-21,105261.743517,34792.5,34476.447077,32.753065,15.294625,1103197.886923,506740.985029,0.0,0.0,0.0,316.052923,,82.048833,5269.914502,6.0
2020-09-22,107398.993468,50649.8,48973.238038,45.599345,13.240512,955152.194795,466865.507289,0.0,0.0,0.0,1676.561962,,1020.0,5537.864717,11.0
2020-09-23,105292.402889,58834.6,58289.198992,55.359359,10.049257,752832.642096,305277.78094,0.0,0.0,0.0,545.401008,,572.0,5732.239055,23.0
2020-09-24,100664.582797,71708.8,67564.337915,67.118281,7.85387,601184.64,189421.924251,0.0,0.0,0.0,4144.462085,,696.0,3016.245434,13.0
2020-09-25,98746.83055,43338.6,43175.759895,43.723692,13.597093,928363.594223,414306.220711,0.0,0.0,0.0,162.840105,,738.048833,4548.235786,9.0
2020-09-26,92180.858235,30158.2,29883.671688,32.418522,15.463715,910396.584795,515061.901382,0.0,0.0,0.0,274.528312,,392.0,4553.983539,7.0
2020-09-27,92484.107734,31143.4,30834.53022,33.340355,15.543976,922746.572096,514824.200508,0.0,0.0,0.0,308.86978,,680.0,4932.571721,8.0
2020-09-28,107502.561442,30748.0,30695.906801,28.553652,16.711901,1211100.863921,585471.278772,0.0,0.0,0.0,52.093199,,220.821804,5792.43398,4.0
2020-09-29,111668.228369,30661.7,30661.7,27.457855,16.95414,1294862.564795,598376.180982,0.0,0.0,0.0,0.0,,170.0,5749.944111,2.0
2020-09-30,112492.752794,29701.4,29701.4,26.402945,17.157437,1299740.134795,630347.135823,0.0,0.0,0.0,0.0,,170.0,5694.551847,2.0
2020-10-01,111660.690538,29684.8,29684.8,26.584826,17.04308,1289619.564795,613422.530229,0.0,0.0,0.0,0.0,,170.0,5282.697496,3.0
2020-10-02,109332.571739,30138.3,30138.3,27.56571,16.738607,1195417.424795,634657.534931,0.0,0.0,0.0,0.0,,200.0,5181.988914,3.0
2020-10-03,101441.878001,38897.8,38262.618735,37.71876,14.294595,959065.299396,491005.307571,0.0,0.0,0.0,635.181265,,510.0,5120.745744,11.0
2020-10-04,99415.325377,29935.7,29935.7,30.111756,16.523991,1047700.58,595037.319808,0.0,0.0,0.0,0.0,,702.0,4318.866005,6.0
2020-10-05,111412.070472,28322.9,28322.9,25.421752,17.337475,1256946.159623,674657.774648,0.0,0.0,0.0,0.0,,56.625,4730.294307,3.0
2020-10-06,109953.656963,33566.1,33566.1,30.527498,15.839399,1166825.192096,574774.648096,0.0,0.0,0.0,0.0,,170.0,6063.327895,5.0
2020-10-07,108081.421919,41347.6,40108.904524,37.109897,14.914468,1039729.9,572247.042371,0.0,0.0,0.0,1238.695476,,701.0,4976.980643,13.0
2020-10-08,103715.743899,33739.8,33689.895526,32.482914,15.342159,1056117.71,535105.715214,0.0,0.0,0.0,49.904474,,224.0,5234.745669,13.0
2020-10-09,98889.763796,41094.9,41005.633561,41.466004,13.098885,898146.32,397199.330586,0.0,0.0,0.0,89.266439,,386.0,6131.962612,13.0
2020-10-10,88254.315021,41947.5,39636.96398,44.912211,12.659177,779030.38,338196.573928,0.0,0.0,0.0,2310.53602,,680.0,3928.040225,7.0
2020-10-11,87747.683218,30871.1,29650.821291,33.791002,15.251803,884487.33,453823.076761,0.0,0.0,0.0,1220.278709,,562.0,4853.882438,13.0
2020-10-12,95902.970152,54959.4,52161.751317,54.390131,10.359641,741854.17,251666.164242,0.0,0.0,0.0,2797.648683,,602.0,4845.173868,20.0
2020-10-13,96348.23355,37430.3,37161.109166,38.56958,14.288782,988115.46,388583.436171,0.0,0.0,0.0,269.190834,,432.0,4885.225384,5.0
2020-10-14,96105.719017,29834.9,29732.787452,30.937584,15.637824,954671.036923,548213.309472,0.0,0.0,0.0,102.112548,,220.625,5238.283263,9.0
2020-10-15,96325.432849,29752.2,29237.965246,30.353318,15.899442,1001153.104795,530367.480412,0.0,0.0,0.0,514.234754,,340.0,5346.013672,4.0
2020-10-16,94872.280324,26120.6,26071.480699,27.480609,16.068689,1007086.314795,517386.845912,0.0,0.0,0.0,49.119301,,8.0,4697.35632,2.0
2020-10-17,85727.835814,22160.7,22160.7,25.850064,15.896864,870545.364795,492258.357236,0.0,0.0,0.0,0.0,,0.0,3731.33533,3.0
2020-10-18,82452.532339,71504.8,59119.416608,71.701153,6.966593,487800.079396,86613.123519,0.0,0.0,0.0,12385.383392,,594.0,3843.746394,41.0
2020-10-19,91695.153269,56312.2,53760.95539,58.630095,11.295714,767914.751221,267847.441557,0.0,0.0,0.0,2551.24461,,1200.625,3845.625418,27.0
2020-10-20,91383.885476,37793.6,37222.99498,40.732559,13.967986,857936.76,418512.03069,0.0,0.0,0.0,570.60502,,570.0,4544.765657,7.0
2020-10-21,90889.507359,45727.4,44048.403864,48.463684,11.242802,717692.64,304160.102402,0.0,0.0,0.0,1678.996136,,326.0,5022.265522,17.0
2020-10-22,91663.371127,77545.5,68782.000979,75.037608,5.32297,403861.7,84059.660553,0.0,0.0,0.0,8763.499021,,396.0,2724.987643,21.0
2020-10-23,93087.171818,44271.3,43723.249858,46.97022,14.120604,937016.71,377430.421646,0.0,0.0,0.0,548.050142,,1102.0,4643.640198,19.0
2020-10-24,86342.474532,27916.5,27185.103241,31.485203,15.627337,915530.8,433772.188393,0.0,0.0,0.0,731.396759,,340.0,4284.119037,5.0
2020-10-25,84767.902587,30584.1,29577.129136,34.891897,14.99899,845603.12,425829.7924,0.0,0.0,0.0,1006.970864,,502.0,4632.238976,9.0
2020-10-26,96262.57823,33300.1,33300.1,34.592986,15.253554,969811.901523,498534.509818,0.0,0.0,0.0,0.0,,584.048833,5598.583721,6.0
2020-10-27,95163.50229,59090.4,54540.157876,57.312054,8.766977,568155.39,266140.852359,0.0,0.0,0.0,4550.242124,,200.0,3997.441487,14.0
2020-10-28,94100.833412,57236.9,55480.962217,58.959055,10.579906,728233.68,267344.264953,0.0,0.0,0.0,1755.937783,,988.0,4063.646453,20.0
2020-10-29,91397.598357,37339.5,36033.653476,39.425164,14.171271,878341.706923,416878.446439,0.0,0.0,0.0,1305.846524,,536.625,5138.576893,6.0
2020-10-30,90824.892398,41467.6,40309.167823,44.38119,12.808153,785690.962096,377608.111758,0.0,0.0,0.0,1158.432177,,548.0,4614.642411,17.0
2020-10-31,85358.593568,41170.5,38289.635638,44.857388,11.896833,683352.0,332144.895306,0.0,0.0,0.0,2880.864362,,370.0,4828.921906,13.0
2020-11-01,81555.320236,72445.5,57703.429109,70.753728,6.172667,404008.05,99405.814096,0.0,0.0,0.0,14742.070891,,376.0,2356.372181,15.0
2020-11-02,90711.124636,37815.0,37738.233436,41.602652,14.37321,875072.5,428737.554122,0.0,0.0,0.0,76.766564,,896.0,5601.110688,9.0
2020-11-03,90158.382395,29330.9,28797.404556,31.940906,14.963308,921631.17,427436.491319,0.0,0.0,0.0,533.495444,,54.0,4614.371738,10.0
2020-11-04,90583.068618,38068.1,36693.88625,40.508548,13.346844,841453.91,367544.203067,0.0,0.0,0.0,1374.21375,,384.0,5362.867451,8.0
2020-11-05,90710.221924,45995.3,44886.541805,49.483444,10.902298,684229.82,304720.032242,0.0,0.0,0.0,1108.758195,,386.0,4419.324597,15.0
2020-11-06,90593.818055,66329.1,61658.190768,68.060042,7.54276,558489.48,124837.970971,0.0,0.0,0.0,4670.909232,,612.0,3976.841335,23.0
2020-11-07,84760.448936,71943.8,61670.711797,72.758831,7.952285,596841.748824,77197.48865,0.0,0.0,0.0,10273.088203,,1108.625,3347.142601,49.0
2020-11-08,82899.729649,72642.2,59931.001039,72.293361,7.879296,515662.024223,137529.489799,0.0,0.0,0.0,12711.198961,,916.625,3460.141204,19.0
2020-11-09,93081.687689,81476.7,74506.510786,80.04422,4.543104,342378.058522,80501.752718,0.0,0.0,0.0,6970.189214,,516.486428,1755.858551,14.0
2020-11-10,95796.422896,81301.1,76223.431026,79.568139,5.064259,416045.17,69092.693727,0.0,0.0,0.0,5077.668974,,718.0,2062.588584,14.0
2020-11-11,94837.004349,48283.7,47616.027797,50.208279,13.407265,912422.42,359082.433495,0.0,0.0,0.0,667.672203,,1064.0,4386.824408,18.0
2020-11-12,92658.593942,44945.1,42463.160757,45.827547,11.782749,719573.77,372199.163765,0.0,0.0,0.0,2481.939243,,340.0,4834.834758,9.0
2020-11-13,89092.959581,62179.5,56419.114448,63.32612,7.057859,443666.7,185138.836813,0.0,0.0,0.0,5760.385552,,186.0,2762.613303,7.0
2020-11-14,83705.330445,64535.8,58653.188557,70.071032,5.768984,407657.01,75237.696205,0.0,0.0,0.0,5882.611443,,264.0,3559.821697,27.0
2020-11-15,80920.610487,79596.4,63904.223028,78.971504,5.297904,371590.04,57119.617645,0.0,0.0,0.0,15692.176972,,650.0,1917.459338,10.0
2020-11-16,89432.097606,74228.7,62943.704115,70.381559,5.967123,394140.416621,139511.938879,0.0,0.0,0.0,11284.995885,,220.625,3531.315218,10.0
2020-11-17,90099.968392,56270.4,53709.123107,59.61059,10.379374,707760.989396,227420.304643,0.0,0.0,0.0,2561.276893,,1050.0,4191.510742,12.0
2020-11-18,93469.512709,77221.5,68433.719554,73.215017,5.672012,404708.44,125451.717049,0.0,0.0,0.0,8787.780446,,372.0,3205.301303,15.0
2020-11-19,91070.715075,46947.7,43718.918394,48.005463,12.579152,794526.03,351066.300525,0.0,0.0,0.0,3228.781606,,810.0,4707.607364,9.0
2020-11-20,90433.530124,28521.0,27889.704193,30.840004,15.819486,969752.28,460859.706777,0.0,0.0,0.0,631.295807,,238.0,5110.571352,6.0
2020-11-21,86071.343222,31535.4,30877.303331,35.874081,13.829653,775426.998824,414909.849938,0.0,0.0,0.0,658.096669,,34.625,4344.97023,8.0
2020-11-22,84854.679765,64820.1,59059.959656,69.601299,5.142855,302395.83,133999.521162,0.0,0.0,0.0,5760.140344,,8.0,2193.971912,12.0
2020-11-23,92794.909327,45072.8,43638.027485,47.026316,15.007108,978292.3,414290.950401,0.0,0.0,0.0,1434.772515,,1488.0,5135.783181,18.0
2020-11-24,92279.08134,62815.9,55928.636319,60.608142,9.108215,664730.6,175767.116305,0.0,0.0,0.0,6887.263681,,674.0,4650.964481,24.0
2020-11-25,90734.203601,63616.3,59422.202997,65.490411,7.766878,549688.82,155032.696263,0.0,0.0,0.0,4194.097003,,596.0,5155.262851,14.0
2020-11-26,81042.529792,79833.3,67348.738713,83.102957,3.270735,241093.06,23975.615955,0.0,0.0,0.0,12484.561287,,338.0,1181.692542,16.0
2020-11-27,82421.208012,71110.0,60938.717647,73.935725,6.528646,445769.938824,92328.933872,0.0,0.0,0.0,10171.282353,,712.625,2562.281025,16.0
2020-11-28,82346.835261,58213.0,52076.319183,63.240219,9.74302,593840.93,208465.951786,0.0,0.0,0.0,6136.680817,,1004.0,2343.707488,12.0
2020-11-29,82255.249197,57115.9,50721.741195,61.663835,7.180209,401954.9,188654.947721,0.0,0.0,0.0,6394.158805,,0.0,1998.869585,7.0
2020-11-30,90466.931389,57047.6,54167.631361,59.875615,10.688392,743496.43,223449.624639,0.0,0.0,0.0,2879.968639,,1202.0,4138.973963,11.0
2020-12-01,90977.228143,38036.0,36359.366328,39.965349,14.572966,913948.98,411859.111364,0.0,0.0,0.0,1676.633672,,772.0,6010.3309,11.0
2020-12-02,95780.476878,28224.5,27700.447144,28.920766,16.877189,1066813.04,549692.179146,0.0,0.0,0.0,524.052856,,432.0,5640.222147,5.0
2020-12-03,98508.663638,58061.7,49412.462669,50.160525,11.146795,724028.89,374026.990153,0.0,0.0,0.0,8649.237331,,550.0,3899.920687,19.0
2020-12-04,95681.670953,49288.9,46323.419268,48.414099,11.999863,753361.346923,394805.55717,0.0,0.0,0.0,2965.480732,,734.179731,4061.727855,8.0
2020-12-05,89435.827874,23248.2,22433.249989,25.083069,17.012279,931685.194795,589822.092465,0.0,0.0,0.0,814.950011,,200.0,4809.197138,3.0
2020-12-06,87718.386971,31117.3,29181.799053,33.267597,15.538928,844907.084795,518142.596866,0.0,0.0,0.0,1935.500947,,680.0,5435.260019,9.0
2020-12-07,95080.140963,43405.6,42516.023727,44.715987,12.184729,717949.294795,440576.454092,0.0,0.0,0.0,889.576273,,362.0,5261.78908,8.0
2020-12-08,94368.894012,31037.4,30626.518734,32.45404,15.865206,986680.894795,510501.076276,0.0,0.0,0.0,410.881266,,540.0,6056.123558,4.0
2020-12-09,94028.478553,22569.3,21981.256741,23.377233,17.482206,1037980.404795,605844.802411,0.0,0.0,0.0,588.043259,,170.0,5855.168373,3.0
2020-12-10,93170.035993,43334.8,41979.752754,45.057139,12.012904,737535.219396,381707.494375,0.0,0.0,0.0,1355.047246,,372.0,5635.528077,15.0
2020-12-11,91523.223126,53683.1,49671.37718,54.271884,9.447138,576544.288522,288088.275056,0.0,0.0,0.0,4011.72282,,196.625,3817.59384,6.0
2020-12-12,86191.68932,52761.8,44416.859313,51.532647,10.833035,687601.83,246115.782656,0.0,0.0,0.0,8344.940687,,586.0,3697.627325,16.0
2020-12-13,85540.892378,61527.9,54360.376835,63.548994,6.708447,454576.12,119270.442258,0.0,0.0,0.0,7167.523165,,24.0,4097.27783,16.0
2020-12-14,93834.070956,73355.0,65882.636124,70.211849,6.486984,454375.216621,154324.930817,0.0,0.0,0.0,7472.363876,,360.126105,3257.836901,35.0
2020-12-15,95705.074133,71129.7,62050.437196,64.835055,8.761008,657694.324795,180778.626328,0.0,0.0,0.0,9079.262804,,858.0,5232.360865,18.0
2020-12-16,95188.870697,80236.0,70928.180685,74.513102,4.791887,339200.484795,116933.823313,0.0,0.0,0.0,9307.819315,,148.0,2842.017337,12.0
2020-12-17,94589.326396,56710.1,54598.094352,57.7212,10.198962,737427.924795,227285.013431,0.0,0.0,0.0,2112.005648,,734.0,6019.820593,25.0
2020-12-18,92855.571947,70485.0,60748.671244,65.422753,8.243841,606989.304795,158497.300855,0.0,0.0,0.0,9736.328756,,744.0,4845.065449,29.0
2020-12-19,88091.977931,30219.9,28716.856328,32.598719,15.580356,901805.294795,470699.108436,0.0,0.0,0.0,1503.043672,,311.0,4675.339654,11.0
2020-12-20,87563.973982,23390.9,22090.070367,25.22735,17.083822,954111.394795,541815.93855,0.0,0.0,0.0,1300.829633,,254.0,4546.563107,5.0
2020-12-21,97827.36702,23950.7,23709.441674,24.236001,17.584554,1099861.374795,620389.242133,0.0,0.0,0.0,241.258326,,260.0,5962.469569,10.0
2020-12-22,99322.595679,24383.2,24332.044585,24.497995,17.428678,1105477.004795,625584.507223,0.0,0.0,0.0,51.155415,,214.0,5816.059695,6.0
2020-12-23,100934.216207,30340.0,30340.0,30.059182,15.362831,972550.824795,578084.45215,0.0,0.0,0.0,0.0,,0.0,5538.071552,4.0
2020-12-24,101018.256629,55329.9,51352.121804,50.834496,11.40849,773613.994795,378851.771901,0.0,0.0,0.0,3977.778196,,696.0,6130.870294,11.0
2020-12-25,98097.674149,28223.9,28121.692118,28.667032,16.666825,1082653.204795,552323.577209,0.0,0.0,0.0,102.207882,,292.0,7441.414773,7.0
2020-12-26,90953.714214,55616.5,46976.423325,51.648714,9.616382,552059.624795,322586.002515,0.0,0.0,0.0,8640.076675,,0.0,3301.524844,7.0
2020-12-27,87542.986563,43346.8,42853.032075,48.950845,11.128755,650264.721296,323979.709527,0.0,0.0,0.0,493.767925,,432.0,5127.674032,17.0
2020-12-28,84275.679581,54037.8,47588.178897,56.467274,11.286754,676355.23012,274843.647505,0.0,0.0,0.0,6449.621103,,979.40548,3274.98597,13.0
2020-12-29,90825.814589,25382.7,25382.7,27.94657,16.169534,913309.264795,555301.83233,0.0,0.0,0.0,0.0,,60.0,4746.838728,4.0
2020-12-30,91960.469628,60510.8,57718.846251,62.764845,7.344607,454785.006696,220628.542139,0.0,0.0,0.0,2791.953749,,148.0,3869.86903,10.0
